mae,smape,rmse,n,skill,series,key,order,last_price,test_var
0.0,0.0,0.0,60,,fuel_diesel,Andhra Pradesh,"(1, 1, 1)",95.15,0.0
0.0,0.0,0.0,60,,fuel_diesel,Delhi,"(1, 1, 1)",87.67,0.0
0.0,0.0,0.0,60,,fuel_diesel,Gujarat,"(1, 1, 1)",86.95,0.0
0.0,0.0,0.0,60,,fuel_diesel,Haryana,"(1, 1, 1)",89.45,0.0
0.0,0.0,0.0,60,,fuel_diesel,Karnataka,"(1, 1, 1)",91.65,0.0
0.0,0.0,0.0,60,,fuel_diesel,Madhya Pradesh,"(1, 1, 1)",91.95,0.0
0.0,0.0,0.0,60,,fuel_diesel,Maharashtra,"(1, 1, 1)",90.03,0.0
0.0,0.0,0.0,60,,fuel_diesel,Punjab,"(1, 1, 1)",90.05,0.0
0.0,0.0,0.0,60,,fuel_diesel,Rajasthan,"(1, 1, 1)",92.85,0.0
0.0,0.0,0.0,60,,fuel_diesel,Tamil Nadu,"(1, 1, 1)",92.39,0.0
0.0,0.0,0.0,60,,fuel_diesel,Telangana,"(1, 1, 1)",93.95,0.0
0.0,0.0,0.0,60,,fuel_diesel,Uttar Pradesh,"(1, 1, 1)",88.65,0.0
0.0,0.0,0.0,60,,fuel_diesel,West Bengal,"(1, 1, 1)",92.02,0.0
31.047932969996417,150.93558712538643,70.0808531498538,26,-0.07891774554919384,weather_precip,HUB01,"(1, 0, 1)x(1, 1, 0, 52)",,
1.2457855196300567,4.01576551019032,1.6440022034399362,26,0.17845414129112736,weather_temp,HUB01,"(1, 0, 1)x(1, 1, 0, 52)",,
15.771632590890713,136.04372942724027,25.422935443537092,26,0.036959963919308336,weather_precip,HUB02,"(1, 0, 1)x(1, 1, 0, 52)",,
1.3624261383958394,4.7052185376148925,1.5716371572895125,26,0.098376254088688,weather_temp,HUB02,"(1, 0, 1)x(1, 1, 0, 52)",,
504.8186849781178,198.3451911131956,668.0746953611028,26,-26.023442061830476,weather_precip,HUB03,"(1, 0, 1)x(1, 1, 0, 52)",,
1.6624425843379904,5.366834169797329,2.2020126605216723,26,0.07070012690192673,weather_temp,HUB03,"(1, 0, 1)x(1, 1, 0, 52)",,
32.7565888922805,184.36899580100342,91.6223573460659,26,-0.002674018365073083,weather_precip,HUB04,"(1, 0, 1)x(1, 1, 0, 52)",,
1.6050771344313213,5.337673242694486,2.2122122302080385,26,0.10806359432140733,weather_temp,HUB04,"(1, 0, 1)x(1, 1, 0, 52)",,
20.924004038809095,155.3496605189307,45.728196153012284,26,0.008702432563709173,weather_precip,HUB05,"(1, 0, 1)x(1, 1, 0, 52)",,
1.3910492945115829,5.245862236142082,1.8388042548517445,26,0.15384033555779408,weather_temp,HUB05,"(1, 0, 1)x(1, 1, 0, 52)",,
14.453687914468293,116.69691300208069,26.99219093138806,26,0.2627116229621823,weather_precip,HUB06,"(1, 0, 1)x(1, 1, 0, 52)",,
1.4978553237099266,5.6469000423511675,1.8759272334913157,26,0.18970672075139272,weather_temp,HUB06,"(1, 0, 1)x(1, 1, 0, 52)",,
17.71170617070917,155.8576714052915,34.51478792043766,26,0.005390150240953684,weather_precip,HUB07,"(1, 0, 1)x(1, 1, 0, 52)",,
1.4742253815484432,6.049344733892496,2.014706261775707,26,0.17603945303976876,weather_temp,HUB07,"(1, 0, 1)x(1, 1, 0, 52)",,
15.362970420478018,158.6925410554559,27.79811646621202,26,0.1914226094485253,weather_precip,HUB08,"(1, 0, 1)x(1, 1, 0, 52)",,
2.1342415193632585,7.939039456279954,2.7180437535333972,26,0.1550010009989925,weather_temp,HUB08,"(1, 0, 1)x(1, 1, 0, 52)",,
17.89853267292436,129.0045505864146,27.70824645836257,26,0.2182733924138529,weather_precip,HUB09,"(1, 0, 1)x(1, 1, 0, 52)",,
1.4464775972001418,5.395554372031111,1.8363777799586989,26,0.0007252887059183699,weather_temp,HUB09,"(1, 0, 1)x(1, 1, 0, 52)",,
17.692047868557193,128.95879492941648,25.49696585398267,26,0.2653038738500446,weather_precip,HUB10,"(1, 0, 1)x(1, 1, 0, 52)",,
1.132565103403058,4.053822948493941,1.5890978227516759,26,0.037240313781612966,weather_temp,HUB10,"(1, 0, 1)x(1, 1, 0, 52)",,
34.67238405747794,79.98326736706596,52.48026995678027,26,0.3731001491693835,weather_precip,HUB11,"(1, 0, 1)x(1, 1, 0, 52)",,
1.221402090085266,3.9839062725689227,1.4663082529132683,26,-0.08111460028622086,weather_temp,HUB11,"(1, 0, 1)x(1, 1, 0, 52)",,
21.228560465438377,80.83503146122696,31.98419896865609,26,0.23995790126494387,weather_precip,HUB12,"(1, 0, 1)x(1, 1, 0, 52)",,
1.2081297926601475,4.0640371852453425,1.4732009198233678,26,0.07736363830695725,weather_temp,HUB12,"(1, 0, 1)x(1, 1, 0, 52)",,
11.272340132743057,89.76032005801795,17.517864537067187,26,0.2628751422250516,weather_precip,HUB13,"(1, 0, 1)x(1, 1, 0, 52)",,
1.4129399703512153,5.179614637802251,1.6770672473788035,26,-0.16605989088839723,weather_temp,HUB13,"(1, 0, 1)x(1, 1, 0, 52)",,
15.005679984345708,114.48399297739668,23.904174995401927,26,0.09896609793767108,weather_precip,HUB14,"(1, 0, 1)x(1, 1, 0, 52)",,
1.06957878817108,3.7122917765901056,1.3369400149456845,26,0.056254010437282065,weather_temp,HUB14,"(1, 0, 1)x(1, 1, 0, 52)",,
17.047032196646516,150.31343764612967,23.831649836828735,26,-0.16976204041385423,weather_precip,HUB15,"(1, 0, 1)x(1, 1, 0, 52)",,
1.1445801882969975,3.8279828736371604,1.359015034364457,26,0.0775100999185756,weather_temp,HUB15,"(1, 0, 1)x(1, 1, 0, 52)",,
21.68154560672298,170.573273547567,31.415499282159306,26,-0.5910815291413984,weather_precip,HUB16,"(1, 0, 1)x(1, 1, 0, 52)",,
1.4797170745176291,5.250082510933517,1.937163381658039,26,0.07528267976808323,weather_temp,HUB16,"(1, 0, 1)x(1, 1, 0, 52)",,
30.70202844561606,115.41604802517809,45.502424054267564,26,0.13271106085830353,weather_precip,HUB17,"(1, 0, 1)x(1, 1, 0, 52)",,
0.8229145326117451,2.7238937573186335,1.0493091286079368,26,0.24326512032671577,weather_temp,HUB17,"(1, 0, 1)x(1, 1, 0, 52)",,
49.33579028837876,175.01677739056342,68.6563527128378,26,-0.8501810868279933,weather_precip,HUB18,"(1, 0, 1)x(1, 1, 0, 52)",,
1.561574127958606,4.961057811727762,2.040354154530128,26,0.039842934836262445,weather_temp,HUB18,"(1, 0, 1)x(1, 1, 0, 52)",,
