series,key,date,forecast
weather_precip,HUB01,2026-02-08,0.204
weather_precip,HUB01,2026-02-15,0.087
weather_precip,HUB01,2026-02-22,0.219
weather_precip,HUB01,2026-03-01,0.137
weather_precip,HUB01,2026-03-08,0.007
weather_precip,HUB01,2026-03-15,0.003
weather_precip,HUB01,2026-03-22,0.001
weather_precip,HUB01,2026-03-29,0.001
weather_precip,HUB01,2026-04-05,0.634
weather_precip,HUB01,2026-04-12,0.04
weather_precip,HUB01,2026-04-19,0.0
weather_precip,HUB01,2026-04-26,0.0
weather_precip,HUB01,2026-05-03,0.0
weather_precip,HUB01,2026-05-10,8.51
weather_precip,HUB01,2026-05-17,7.54
weather_precip,HUB01,2026-05-24,28.637
weather_precip,HUB01,2026-05-31,40.291
weather_precip,HUB01,2026-06-07,44.235
weather_precip,HUB01,2026-06-14,109.987
weather_precip,HUB01,2026-06-21,207.47
weather_precip,HUB01,2026-06-28,203.436
weather_precip,HUB01,2026-07-05,134.82
weather_precip,HUB01,2026-07-12,256.826
weather_precip,HUB01,2026-07-19,229.876
weather_precip,HUB01,2026-07-26,220.994
weather_precip,HUB01,2026-08-02,127.886
weather_temp,HUB01,2026-02-08,31.606
weather_temp,HUB01,2026-02-15,33.474
weather_temp,HUB01,2026-02-22,32.53
weather_temp,HUB01,2026-03-01,34.01
weather_temp,HUB01,2026-03-08,33.684
weather_temp,HUB01,2026-03-15,33.47
weather_temp,HUB01,2026-03-22,33.835
weather_temp,HUB01,2026-03-29,33.637
weather_temp,HUB01,2026-04-05,35.022
weather_temp,HUB01,2026-04-12,33.547
weather_temp,HUB01,2026-04-19,34.992
weather_temp,HUB01,2026-04-26,34.729
weather_temp,HUB01,2026-05-03,34.315
weather_temp,HUB01,2026-05-10,32.598
weather_temp,HUB01,2026-05-17,35.091
weather_temp,HUB01,2026-05-24,33.468
weather_temp,HUB01,2026-05-31,32.484
weather_temp,HUB01,2026-06-07,32.265
weather_temp,HUB01,2026-06-14,30.298
weather_temp,HUB01,2026-06-21,29.6
weather_temp,HUB01,2026-06-28,29.386
weather_temp,HUB01,2026-07-05,29.163
weather_temp,HUB01,2026-07-12,27.947
weather_temp,HUB01,2026-07-19,28.105
weather_temp,HUB01,2026-07-26,27.822
weather_temp,HUB01,2026-08-02,28.049
weather_precip,HUB02,2026-02-08,1.371
weather_precip,HUB02,2026-02-15,-0.086
weather_precip,HUB02,2026-02-22,0.005
weather_precip,HUB02,2026-03-01,-0.0
weather_precip,HUB02,2026-03-08,0.0
weather_precip,HUB02,2026-03-15,-0.0
weather_precip,HUB02,2026-03-22,0.0
weather_precip,HUB02,2026-03-29,0.083
weather_precip,HUB02,2026-04-05,1.39
weather_precip,HUB02,2026-04-12,-0.0
weather_precip,HUB02,2026-04-19,0.415
weather_precip,HUB02,2026-04-26,2.574
weather_precip,HUB02,2026-05-03,0.0
weather_precip,HUB02,2026-05-10,13.008
weather_precip,HUB02,2026-05-17,14.627
weather_precip,HUB02,2026-05-24,26.712
weather_precip,HUB02,2026-05-31,11.458
weather_precip,HUB02,2026-06-07,54.948
weather_precip,HUB02,2026-06-14,71.714
weather_precip,HUB02,2026-06-21,42.845
weather_precip,HUB02,2026-06-28,37.139
weather_precip,HUB02,2026-07-05,36.523
weather_precip,HUB02,2026-07-12,174.822
weather_precip,HUB02,2026-07-19,61.261
weather_precip,HUB02,2026-07-26,146.868
weather_precip,HUB02,2026-08-02,71.952
weather_temp,HUB02,2026-02-08,32.151
weather_temp,HUB02,2026-02-15,33.053
weather_temp,HUB02,2026-02-22,33.062
weather_temp,HUB02,2026-03-01,34.152
weather_temp,HUB02,2026-03-08,35.154
weather_temp,HUB02,2026-03-15,36.22
weather_temp,HUB02,2026-03-22,36.276
weather_temp,HUB02,2026-03-29,37.763
weather_temp,HUB02,2026-04-05,37.734
weather_temp,HUB02,2026-04-12,38.376
weather_temp,HUB02,2026-04-19,39.426
weather_temp,HUB02,2026-04-26,39.896
weather_temp,HUB02,2026-05-03,39.086
weather_temp,HUB02,2026-05-10,35.485
weather_temp,HUB02,2026-05-17,35.415
weather_temp,HUB02,2026-05-24,32.103
weather_temp,HUB02,2026-05-31,31.828
weather_temp,HUB02,2026-06-07,31.123
weather_temp,HUB02,2026-06-14,29.976
weather_temp,HUB02,2026-06-21,27.897
weather_temp,HUB02,2026-06-28,27.626
weather_temp,HUB02,2026-07-05,26.522
weather_temp,HUB02,2026-07-12,26.878
weather_temp,HUB02,2026-07-19,27.336
weather_temp,HUB02,2026-07-26,25.341
weather_temp,HUB02,2026-08-02,26.534
weather_precip,HUB03,2026-02-08,0.082
weather_precip,HUB03,2026-02-15,0.043
weather_precip,HUB03,2026-02-22,0.063
weather_precip,HUB03,2026-03-01,1.867
weather_precip,HUB03,2026-03-08,0.006
weather_precip,HUB03,2026-03-15,0.003
weather_precip,HUB03,2026-03-22,0.002
weather_precip,HUB03,2026-03-29,0.001
weather_precip,HUB03,2026-04-05,0.0
weather_precip,HUB03,2026-04-12,0.081
weather_precip,HUB03,2026-04-19,0.0
weather_precip,HUB03,2026-04-26,0.04
weather_precip,HUB03,2026-05-03,0.477
weather_precip,HUB03,2026-05-10,14.342
weather_precip,HUB03,2026-05-17,0.121
weather_precip,HUB03,2026-05-24,2.864
weather_precip,HUB03,2026-05-31,2.984
weather_precip,HUB03,2026-06-07,0.458
weather_precip,HUB03,2026-06-14,6.803
weather_precip,HUB03,2026-06-21,39.334
weather_precip,HUB03,2026-06-28,67.149
weather_precip,HUB03,2026-07-05,102.166
weather_precip,HUB03,2026-07-12,37.548
weather_precip,HUB03,2026-07-19,49.687
weather_precip,HUB03,2026-07-26,58.019
weather_precip,HUB03,2026-08-02,94.608
weather_temp,HUB03,2026-02-08,29.177
weather_temp,HUB03,2026-02-15,32.066
weather_temp,HUB03,2026-02-22,32.612
weather_temp,HUB03,2026-03-01,34.094
weather_temp,HUB03,2026-03-08,33.557
weather_temp,HUB03,2026-03-15,37.09
weather_temp,HUB03,2026-03-22,36.823
weather_temp,HUB03,2026-03-29,38.319
weather_temp,HUB03,2026-04-05,39.509
weather_temp,HUB03,2026-04-12,40.877
weather_temp,HUB03,2026-04-19,41.313
weather_temp,HUB03,2026-04-26,41.036
weather_temp,HUB03,2026-05-03,41.887
weather_temp,HUB03,2026-05-10,36.95
weather_temp,HUB03,2026-05-17,40.329
weather_temp,HUB03,2026-05-24,42.944
weather_temp,HUB03,2026-05-31,41.482
weather_temp,HUB03,2026-06-07,40.408
weather_temp,HUB03,2026-06-14,40.165
weather_temp,HUB03,2026-06-21,36.254
weather_temp,HUB03,2026-06-28,32.95
weather_temp,HUB03,2026-07-05,31.636
weather_temp,HUB03,2026-07-12,32.418
weather_temp,HUB03,2026-07-19,32.682
weather_temp,HUB03,2026-07-26,31.538
weather_temp,HUB03,2026-08-02,31.011
weather_precip,HUB04,2026-02-08,-0.018
weather_precip,HUB04,2026-02-15,-0.001
weather_precip,HUB04,2026-02-22,-0.0
weather_precip,HUB04,2026-03-01,1.105
weather_precip,HUB04,2026-03-08,-0.0
weather_precip,HUB04,2026-03-15,-0.0
weather_precip,HUB04,2026-03-22,-0.0
weather_precip,HUB04,2026-03-29,-0.0
weather_precip,HUB04,2026-04-05,0.295
weather_precip,HUB04,2026-04-12,1.4
weather_precip,HUB04,2026-04-19,0.0
weather_precip,HUB04,2026-04-26,-0.0
weather_precip,HUB04,2026-05-03,-0.0
weather_precip,HUB04,2026-05-10,12.731
weather_precip,HUB04,2026-05-17,1.916
weather_precip,HUB04,2026-05-24,0.0
weather_precip,HUB04,2026-05-31,0.368
weather_precip,HUB04,2026-06-07,0.026
weather_precip,HUB04,2026-06-14,2.195
weather_precip,HUB04,2026-06-21,17.568
weather_precip,HUB04,2026-06-28,46.521
weather_precip,HUB04,2026-07-05,67.631
weather_precip,HUB04,2026-07-12,31.921
weather_precip,HUB04,2026-07-19,100.164
weather_precip,HUB04,2026-07-26,114.311
weather_precip,HUB04,2026-08-02,47.79
weather_temp,HUB04,2026-02-08,28.561
weather_temp,HUB04,2026-02-15,31.668
weather_temp,HUB04,2026-02-22,32.084
weather_temp,HUB04,2026-03-01,32.014
weather_temp,HUB04,2026-03-08,32.303
weather_temp,HUB04,2026-03-15,35.835
weather_temp,HUB04,2026-03-22,35.602
weather_temp,HUB04,2026-03-29,35.821
weather_temp,HUB04,2026-04-05,37.926
weather_temp,HUB04,2026-04-12,37.539
weather_temp,HUB04,2026-04-19,37.235
weather_temp,HUB04,2026-04-26,37.641
weather_temp,HUB04,2026-05-03,37.886
weather_temp,HUB04,2026-05-10,35.265
weather_temp,HUB04,2026-05-17,37.592
weather_temp,HUB04,2026-05-24,38.665
weather_temp,HUB04,2026-05-31,35.768
weather_temp,HUB04,2026-06-07,35.679
weather_temp,HUB04,2026-06-14,35.998
weather_temp,HUB04,2026-06-21,34.384
weather_temp,HUB04,2026-06-28,33.299
weather_temp,HUB04,2026-07-05,31.553
weather_temp,HUB04,2026-07-12,31.818
weather_temp,HUB04,2026-07-19,32.177
weather_temp,HUB04,2026-07-26,31.15
weather_temp,HUB04,2026-08-02,30.378
weather_precip,HUB05,2026-02-08,-1.768
weather_precip,HUB05,2026-02-15,2.466
weather_precip,HUB05,2026-02-22,-0.002
weather_precip,HUB05,2026-03-01,36.079
weather_precip,HUB05,2026-03-08,-0.784
weather_precip,HUB05,2026-03-15,1.918
weather_precip,HUB05,2026-03-22,-0.434
weather_precip,HUB05,2026-03-29,0.869
weather_precip,HUB05,2026-04-05,-0.233
weather_precip,HUB05,2026-04-12,5.709
weather_precip,HUB05,2026-04-19,-0.118
weather_precip,HUB05,2026-04-26,0.24
weather_precip,HUB05,2026-05-03,4.964
weather_precip,HUB05,2026-05-10,5.111
weather_precip,HUB05,2026-05-17,-0.031
weather_precip,HUB05,2026-05-24,0.167
weather_precip,HUB05,2026-05-31,0.41
weather_precip,HUB05,2026-06-07,0.111
weather_precip,HUB05,2026-06-14,0.149
weather_precip,HUB05,2026-06-21,14.445
weather_precip,HUB05,2026-06-28,48.685
weather_precip,HUB05,2026-07-05,49.116
weather_precip,HUB05,2026-07-12,42.156
weather_precip,HUB05,2026-07-19,34.737
weather_precip,HUB05,2026-07-26,19.941
weather_precip,HUB05,2026-08-02,75.466
weather_temp,HUB05,2026-02-08,19.511
weather_temp,HUB05,2026-02-15,23.802
weather_temp,HUB05,2026-02-22,24.574
weather_temp,HUB05,2026-03-01,24.786
weather_temp,HUB05,2026-03-08,25.304
weather_temp,HUB05,2026-03-15,30.207
weather_temp,HUB05,2026-03-22,30.508
weather_temp,HUB05,2026-03-29,33.827
weather_temp,HUB05,2026-04-05,35.101
weather_temp,HUB05,2026-04-12,37.695
weather_temp,HUB05,2026-04-19,38.001
weather_temp,HUB05,2026-04-26,39.276
weather_temp,HUB05,2026-05-03,36.743
weather_temp,HUB05,2026-05-10,36.897
weather_temp,HUB05,2026-05-17,41.981
weather_temp,HUB05,2026-05-24,40.654
weather_temp,HUB05,2026-05-31,40.574
weather_temp,HUB05,2026-06-07,39.478
weather_temp,HUB05,2026-06-14,42.918
weather_temp,HUB05,2026-06-21,37.005
weather_temp,HUB05,2026-06-28,35.257
weather_temp,HUB05,2026-07-05,33.86
weather_temp,HUB05,2026-07-12,33.587
weather_temp,HUB05,2026-07-19,33.471
weather_temp,HUB05,2026-07-26,34.826
weather_temp,HUB05,2026-08-02,33.635
weather_precip,HUB06,2026-02-08,-1.559
weather_precip,HUB06,2026-02-15,1.288
weather_precip,HUB06,2026-02-22,1.542
weather_precip,HUB06,2026-03-01,7.505
weather_precip,HUB06,2026-03-08,-0.338
weather_precip,HUB06,2026-03-15,1.245
weather_precip,HUB06,2026-03-22,-0.139
weather_precip,HUB06,2026-03-29,0.622
weather_precip,HUB06,2026-04-05,-0.057
weather_precip,HUB06,2026-04-12,2.646
weather_precip,HUB06,2026-04-19,1.576
weather_precip,HUB06,2026-04-26,0.015
weather_precip,HUB06,2026-05-03,3.593
weather_precip,HUB06,2026-05-10,0.774
weather_precip,HUB06,2026-05-17,-0.004
weather_precip,HUB06,2026-05-24,0.193
weather_precip,HUB06,2026-05-31,1.215
weather_precip,HUB06,2026-06-07,0.101
weather_precip,HUB06,2026-06-14,0.071
weather_precip,HUB06,2026-06-21,14.204
weather_precip,HUB06,2026-06-28,68.008
weather_precip,HUB06,2026-07-05,63.263
weather_precip,HUB06,2026-07-12,30.679
weather_precip,HUB06,2026-07-19,11.625
weather_precip,HUB06,2026-07-26,27.136
weather_precip,HUB06,2026-08-02,88.518
weather_temp,HUB06,2026-02-08,19.731
weather_temp,HUB06,2026-02-15,23.151
weather_temp,HUB06,2026-02-22,23.941
weather_temp,HUB06,2026-03-01,24.404
weather_temp,HUB06,2026-03-08,24.541
weather_temp,HUB06,2026-03-15,29.356
weather_temp,HUB06,2026-03-22,29.754
weather_temp,HUB06,2026-03-29,32.884
weather_temp,HUB06,2026-04-05,34.104
weather_temp,HUB06,2026-04-12,36.965
weather_temp,HUB06,2026-04-19,37.445
weather_temp,HUB06,2026-04-26,38.664
weather_temp,HUB06,2026-05-03,36.414
weather_temp,HUB06,2026-05-10,37.282
weather_temp,HUB06,2026-05-17,41.37
weather_temp,HUB06,2026-05-24,40.346
weather_temp,HUB06,2026-05-31,40.272
weather_temp,HUB06,2026-06-07,38.371
weather_temp,HUB06,2026-06-14,41.735
weather_temp,HUB06,2026-06-21,36.858
weather_temp,HUB06,2026-06-28,34.367
weather_temp,HUB06,2026-07-05,33.575
weather_temp,HUB06,2026-07-12,33.346
weather_temp,HUB06,2026-07-19,33.283
weather_temp,HUB06,2026-07-26,33.895
weather_temp,HUB06,2026-08-02,33.269
weather_precip,HUB07,2026-02-08,10.461
weather_precip,HUB07,2026-02-15,6.28
weather_precip,HUB07,2026-02-22,24.181
weather_precip,HUB07,2026-03-01,54.85
weather_precip,HUB07,2026-03-08,2.937
weather_precip,HUB07,2026-03-15,14.764
weather_precip,HUB07,2026-03-22,0.618
weather_precip,HUB07,2026-03-29,0.2
weather_precip,HUB07,2026-04-05,0.146
weather_precip,HUB07,2026-04-12,5.121
weather_precip,HUB07,2026-04-19,0.431
weather_precip,HUB07,2026-04-26,0.01
weather_precip,HUB07,2026-05-03,13.153
weather_precip,HUB07,2026-05-10,9.499
weather_precip,HUB07,2026-05-17,0.006
weather_precip,HUB07,2026-05-24,6.474
weather_precip,HUB07,2026-05-31,1.014
weather_precip,HUB07,2026-06-07,3.606
weather_precip,HUB07,2026-06-14,0.001
weather_precip,HUB07,2026-06-21,6.513
weather_precip,HUB07,2026-06-28,80.039
weather_precip,HUB07,2026-07-05,49.329
weather_precip,HUB07,2026-07-12,36.76
weather_precip,HUB07,2026-07-19,16.355
weather_precip,HUB07,2026-07-26,40.785
weather_precip,HUB07,2026-08-02,55.802
weather_temp,HUB07,2026-02-08,18.512
weather_temp,HUB07,2026-02-15,22.099
weather_temp,HUB07,2026-02-22,22.473
weather_temp,HUB07,2026-03-01,22.435
weather_temp,HUB07,2026-03-08,23.702
weather_temp,HUB07,2026-03-15,27.707
weather_temp,HUB07,2026-03-22,29.399
weather_temp,HUB07,2026-03-29,32.279
weather_temp,HUB07,2026-04-05,34.09
weather_temp,HUB07,2026-04-12,35.411
weather_temp,HUB07,2026-04-19,36.076
weather_temp,HUB07,2026-04-26,38.54
weather_temp,HUB07,2026-05-03,35.628
weather_temp,HUB07,2026-05-10,35.398
weather_temp,HUB07,2026-05-17,40.683
weather_temp,HUB07,2026-05-24,39.734
weather_temp,HUB07,2026-05-31,40.192
weather_temp,HUB07,2026-06-07,38.856
weather_temp,HUB07,2026-06-14,43.225
weather_temp,HUB07,2026-06-21,37.488
weather_temp,HUB07,2026-06-28,35.342
weather_temp,HUB07,2026-07-05,33.622
weather_temp,HUB07,2026-07-12,32.968
weather_temp,HUB07,2026-07-19,33.659
weather_temp,HUB07,2026-07-26,33.373
weather_temp,HUB07,2026-08-02,32.913
weather_precip,HUB08,2026-02-08,-3.616
weather_precip,HUB08,2026-02-15,-3.205
weather_precip,HUB08,2026-02-22,1.292
weather_precip,HUB08,2026-03-01,1.753
weather_precip,HUB08,2026-03-08,-0.035
weather_precip,HUB08,2026-03-15,-0.006
weather_precip,HUB08,2026-03-22,0.01
weather_precip,HUB08,2026-03-29,-0.01
weather_precip,HUB08,2026-04-05,0.242
weather_precip,HUB08,2026-04-12,0.391
weather_precip,HUB08,2026-04-19,0.182
weather_precip,HUB08,2026-04-26,-0.0
weather_precip,HUB08,2026-05-03,1.524
weather_precip,HUB08,2026-05-10,2.793
weather_precip,HUB08,2026-05-17,0.256
weather_precip,HUB08,2026-05-24,-0.0
weather_precip,HUB08,2026-05-31,0.508
weather_precip,HUB08,2026-06-07,7.174
weather_precip,HUB08,2026-06-14,0.91
weather_precip,HUB08,2026-06-21,41.779
weather_precip,HUB08,2026-06-28,38.278
weather_precip,HUB08,2026-07-05,47.929
weather_precip,HUB08,2026-07-12,45.773
weather_precip,HUB08,2026-07-19,76.305
weather_precip,HUB08,2026-07-26,48.366
weather_precip,HUB08,2026-08-02,56.976
weather_temp,HUB08,2026-02-08,21.311
weather_temp,HUB08,2026-02-15,25.641
weather_temp,HUB08,2026-02-22,25.649
weather_temp,HUB08,2026-03-01,26.954
weather_temp,HUB08,2026-03-08,27.518
weather_temp,HUB08,2026-03-15,31.794
weather_temp,HUB08,2026-03-22,32.321
weather_temp,HUB08,2026-03-29,35.1
weather_temp,HUB08,2026-04-05,35.443
weather_temp,HUB08,2026-04-12,37.974
weather_temp,HUB08,2026-04-19,38.059
weather_temp,HUB08,2026-04-26,38.681
weather_temp,HUB08,2026-05-03,37.739
weather_temp,HUB08,2026-05-10,37.734
weather_temp,HUB08,2026-05-17,41.606
weather_temp,HUB08,2026-05-24,42.772
weather_temp,HUB08,2026-05-31,41.456
weather_temp,HUB08,2026-06-07,38.825
weather_temp,HUB08,2026-06-14,41.917
weather_temp,HUB08,2026-06-21,36.056
weather_temp,HUB08,2026-06-28,34.157
weather_temp,HUB08,2026-07-05,33.115
weather_temp,HUB08,2026-07-12,32.471
weather_temp,HUB08,2026-07-19,32.165
weather_temp,HUB08,2026-07-26,32.478
weather_temp,HUB08,2026-08-02,31.124
weather_precip,HUB09,2026-02-08,4.449
weather_precip,HUB09,2026-02-15,-0.247
weather_precip,HUB09,2026-02-22,0.075
weather_precip,HUB09,2026-03-01,19.876
weather_precip,HUB09,2026-03-08,0.749
weather_precip,HUB09,2026-03-15,-0.659
weather_precip,HUB09,2026-03-22,-0.948
weather_precip,HUB09,2026-03-29,-1.097
weather_precip,HUB09,2026-04-05,-1.019
weather_precip,HUB09,2026-04-12,-0.167
weather_precip,HUB09,2026-04-19,-0.022
weather_precip,HUB09,2026-04-26,-0.785
weather_precip,HUB09,2026-05-03,2.698
weather_precip,HUB09,2026-05-10,3.095
weather_precip,HUB09,2026-05-17,-0.195
weather_precip,HUB09,2026-05-24,-0.409
weather_precip,HUB09,2026-05-31,0.314
weather_precip,HUB09,2026-06-07,0.252
weather_precip,HUB09,2026-06-14,0.493
weather_precip,HUB09,2026-06-21,38.148
weather_precip,HUB09,2026-06-28,58.358
weather_precip,HUB09,2026-07-05,112.04
weather_precip,HUB09,2026-07-12,43.283
weather_precip,HUB09,2026-07-19,45.655
weather_precip,HUB09,2026-07-26,53.511
weather_precip,HUB09,2026-08-02,64.819
weather_temp,HUB09,2026-02-08,23.498
weather_temp,HUB09,2026-02-15,26.721
weather_temp,HUB09,2026-02-22,27.541
weather_temp,HUB09,2026-03-01,28.181
weather_temp,HUB09,2026-03-08,27.351
weather_temp,HUB09,2026-03-15,32.243
weather_temp,HUB09,2026-03-22,31.696
weather_temp,HUB09,2026-03-29,35.611
weather_temp,HUB09,2026-04-05,36.975
weather_temp,HUB09,2026-04-12,38.228
weather_temp,HUB09,2026-04-19,38.514
weather_temp,HUB09,2026-04-26,41.283
weather_temp,HUB09,2026-05-03,38.922
weather_temp,HUB09,2026-05-10,38.642
weather_temp,HUB09,2026-05-17,42.407
weather_temp,HUB09,2026-05-24,40.179
weather_temp,HUB09,2026-05-31,42.667
weather_temp,HUB09,2026-06-07,41.063
weather_temp,HUB09,2026-06-14,43.917
weather_temp,HUB09,2026-06-21,38.316
weather_temp,HUB09,2026-06-28,35.135
weather_temp,HUB09,2026-07-05,32.535
weather_temp,HUB09,2026-07-12,33.445
weather_temp,HUB09,2026-07-19,33.454
weather_temp,HUB09,2026-07-26,33.577
weather_temp,HUB09,2026-08-02,32.202
weather_precip,HUB10,2026-02-08,1.731
weather_precip,HUB10,2026-02-15,0.077
weather_precip,HUB10,2026-02-22,18.245
weather_precip,HUB10,2026-03-01,0.27
weather_precip,HUB10,2026-03-08,0.882
weather_precip,HUB10,2026-03-15,13.61
weather_precip,HUB10,2026-03-22,31.563
weather_precip,HUB10,2026-03-29,8.602
weather_precip,HUB10,2026-04-05,16.088
weather_precip,HUB10,2026-04-12,5.832
weather_precip,HUB10,2026-04-19,13.117
weather_precip,HUB10,2026-04-26,2.847
weather_precip,HUB10,2026-05-03,10.219
weather_precip,HUB10,2026-05-10,59.791
weather_precip,HUB10,2026-05-17,9.476
weather_precip,HUB10,2026-05-24,61.853
weather_precip,HUB10,2026-05-31,90.175
weather_precip,HUB10,2026-06-07,7.304
weather_precip,HUB10,2026-06-14,11.38
weather_precip,HUB10,2026-06-21,83.748
weather_precip,HUB10,2026-06-28,75.162
weather_precip,HUB10,2026-07-05,112.812
weather_precip,HUB10,2026-07-12,65.803
weather_precip,HUB10,2026-07-19,40.496
weather_precip,HUB10,2026-07-26,79.664
weather_precip,HUB10,2026-08-02,168.887
weather_temp,HUB10,2026-02-08,27.73
weather_temp,HUB10,2026-02-15,29.904
weather_temp,HUB10,2026-02-22,29.447
weather_temp,HUB10,2026-03-01,30.504
weather_temp,HUB10,2026-03-08,31.355
weather_temp,HUB10,2026-03-15,34.939
weather_temp,HUB10,2026-03-22,31.377
weather_temp,HUB10,2026-03-29,35.559
weather_temp,HUB10,2026-04-05,37.051
weather_temp,HUB10,2026-04-12,35.24
weather_temp,HUB10,2026-04-19,36.809
weather_temp,HUB10,2026-04-26,39.177
weather_temp,HUB10,2026-05-03,36.0
weather_temp,HUB10,2026-05-10,34.967
weather_temp,HUB10,2026-05-17,36.501
weather_temp,HUB10,2026-05-24,34.271
weather_temp,HUB10,2026-05-31,32.524
weather_temp,HUB10,2026-06-07,35.238
weather_temp,HUB10,2026-06-14,35.884
weather_temp,HUB10,2026-06-21,32.6
weather_temp,HUB10,2026-06-28,32.103
weather_temp,HUB10,2026-07-05,31.303
weather_temp,HUB10,2026-07-12,31.451
weather_temp,HUB10,2026-07-19,32.117
weather_temp,HUB10,2026-07-26,32.178
weather_temp,HUB10,2026-08-02,30.877
weather_precip,HUB11,2026-02-08,-2.405
weather_precip,HUB11,2026-02-15,-1.364
weather_precip,HUB11,2026-02-22,-0.136
weather_precip,HUB11,2026-03-01,-1.065
weather_precip,HUB11,2026-03-08,-1.735
weather_precip,HUB11,2026-03-15,1.112
weather_precip,HUB11,2026-03-22,1.936
weather_precip,HUB11,2026-03-29,-1.295
weather_precip,HUB11,2026-04-05,0.094
weather_precip,HUB11,2026-04-12,-0.346
weather_precip,HUB11,2026-04-19,0.172
weather_precip,HUB11,2026-04-26,-0.79
weather_precip,HUB11,2026-05-03,-0.408
weather_precip,HUB11,2026-05-10,14.703
weather_precip,HUB11,2026-05-17,45.211
weather_precip,HUB11,2026-05-24,92.806
weather_precip,HUB11,2026-05-31,41.23
weather_precip,HUB11,2026-06-07,80.887
weather_precip,HUB11,2026-06-14,20.531
weather_precip,HUB11,2026-06-21,23.487
weather_precip,HUB11,2026-06-28,3.841
weather_precip,HUB11,2026-07-05,11.359
weather_precip,HUB11,2026-07-12,36.79
weather_precip,HUB11,2026-07-19,18.253
weather_precip,HUB11,2026-07-26,6.632
weather_precip,HUB11,2026-08-02,21.71
weather_temp,HUB11,2026-02-08,30.094
weather_temp,HUB11,2026-02-15,30.965
weather_temp,HUB11,2026-02-22,31.435
weather_temp,HUB11,2026-03-01,31.598
weather_temp,HUB11,2026-03-08,32.692
weather_temp,HUB11,2026-03-15,32.626
weather_temp,HUB11,2026-03-22,32.606
weather_temp,HUB11,2026-03-29,33.704
weather_temp,HUB11,2026-04-05,34.293
weather_temp,HUB11,2026-04-12,34.577
weather_temp,HUB11,2026-04-19,35.513
weather_temp,HUB11,2026-04-26,34.979
weather_temp,HUB11,2026-05-03,36.605
weather_temp,HUB11,2026-05-10,35.188
weather_temp,HUB11,2026-05-17,33.661
weather_temp,HUB11,2026-05-24,33.975
weather_temp,HUB11,2026-05-31,37.995
weather_temp,HUB11,2026-06-07,34.6
weather_temp,HUB11,2026-06-14,35.769
weather_temp,HUB11,2026-06-21,36.547
weather_temp,HUB11,2026-06-28,36.289
weather_temp,HUB11,2026-07-05,35.859
weather_temp,HUB11,2026-07-12,34.539
weather_temp,HUB11,2026-07-19,32.779
weather_temp,HUB11,2026-07-26,34.739
weather_temp,HUB11,2026-08-02,35.869
weather_precip,HUB12,2026-02-08,-0.038
weather_precip,HUB12,2026-02-15,0.073
weather_precip,HUB12,2026-02-22,0.083
weather_precip,HUB12,2026-03-01,3.563
weather_precip,HUB12,2026-03-08,1.22
weather_precip,HUB12,2026-03-15,20.115
weather_precip,HUB12,2026-03-22,18.826
weather_precip,HUB12,2026-03-29,0.283
weather_precip,HUB12,2026-04-05,11.787
weather_precip,HUB12,2026-04-12,10.584
weather_precip,HUB12,2026-04-19,3.231
weather_precip,HUB12,2026-04-26,0.481
weather_precip,HUB12,2026-05-03,8.035
weather_precip,HUB12,2026-05-10,18.673
weather_precip,HUB12,2026-05-17,44.931
weather_precip,HUB12,2026-05-24,81.254
weather_precip,HUB12,2026-05-31,45.691
weather_precip,HUB12,2026-06-07,23.207
weather_precip,HUB12,2026-06-14,38.022
weather_precip,HUB12,2026-06-21,22.441
weather_precip,HUB12,2026-06-28,41.163
weather_precip,HUB12,2026-07-05,8.568
weather_precip,HUB12,2026-07-12,27.476
weather_precip,HUB12,2026-07-19,43.886
weather_precip,HUB12,2026-07-26,11.711
weather_precip,HUB12,2026-08-02,49.247
weather_temp,HUB12,2026-02-08,31.972
weather_temp,HUB12,2026-02-15,33.023
weather_temp,HUB12,2026-02-22,33.998
weather_temp,HUB12,2026-03-01,33.787
weather_temp,HUB12,2026-03-08,36.008
weather_temp,HUB12,2026-03-15,34.858
weather_temp,HUB12,2026-03-22,35.353
weather_temp,HUB12,2026-03-29,36.385
weather_temp,HUB12,2026-04-05,36.465
weather_temp,HUB12,2026-04-12,36.092
weather_temp,HUB12,2026-04-19,37.186
weather_temp,HUB12,2026-04-26,38.209
weather_temp,HUB12,2026-05-03,37.697
weather_temp,HUB12,2026-05-10,35.937
weather_temp,HUB12,2026-05-17,33.051
weather_temp,HUB12,2026-05-24,29.546
weather_temp,HUB12,2026-05-31,29.393
weather_temp,HUB12,2026-06-07,30.501
weather_temp,HUB12,2026-06-14,29.633
weather_temp,HUB12,2026-06-21,29.32
weather_temp,HUB12,2026-06-28,28.145
weather_temp,HUB12,2026-07-05,29.854
weather_temp,HUB12,2026-07-12,30.07
weather_temp,HUB12,2026-07-19,27.465
weather_temp,HUB12,2026-07-26,27.42
weather_temp,HUB12,2026-08-02,29.35
weather_precip,HUB13,2026-02-08,-0.121
weather_precip,HUB13,2026-02-15,-0.113
weather_precip,HUB13,2026-02-22,-0.106
weather_precip,HUB13,2026-03-01,-0.099
weather_precip,HUB13,2026-03-08,-0.093
weather_precip,HUB13,2026-03-15,2.971
weather_precip,HUB13,2026-03-22,15.143
weather_precip,HUB13,2026-03-29,-0.076
weather_precip,HUB13,2026-04-05,7.0
weather_precip,HUB13,2026-04-12,4.11
weather_precip,HUB13,2026-04-19,8.091
weather_precip,HUB13,2026-04-26,-0.058
weather_precip,HUB13,2026-05-03,9.827
weather_precip,HUB13,2026-05-10,13.759
weather_precip,HUB13,2026-05-17,57.942
weather_precip,HUB13,2026-05-24,54.764
weather_precip,HUB13,2026-05-31,34.606
weather_precip,HUB13,2026-06-07,22.444
weather_precip,HUB13,2026-06-14,30.325
weather_precip,HUB13,2026-06-21,18.276
weather_precip,HUB13,2026-06-28,18.315
weather_precip,HUB13,2026-07-05,27.388
weather_precip,HUB13,2026-07-12,25.874
weather_precip,HUB13,2026-07-19,79.824
weather_precip,HUB13,2026-07-26,40.122
weather_precip,HUB13,2026-08-02,22.83
weather_temp,HUB13,2026-02-08,29.607
weather_temp,HUB13,2026-02-15,29.914
weather_temp,HUB13,2026-02-22,30.941
weather_temp,HUB13,2026-03-01,30.287
weather_temp,HUB13,2026-03-08,32.522
weather_temp,HUB13,2026-03-15,32.254
weather_temp,HUB13,2026-03-22,32.588
weather_temp,HUB13,2026-03-29,33.043
weather_temp,HUB13,2026-04-05,32.933
weather_temp,HUB13,2026-04-12,33.158
weather_temp,HUB13,2026-04-19,33.82
weather_temp,HUB13,2026-04-26,34.749
weather_temp,HUB13,2026-05-03,34.493
weather_temp,HUB13,2026-05-10,32.337
weather_temp,HUB13,2026-05-17,29.458
weather_temp,HUB13,2026-05-24,26.95
weather_temp,HUB13,2026-05-31,27.492
weather_temp,HUB13,2026-06-07,27.996
weather_temp,HUB13,2026-06-14,26.533
weather_temp,HUB13,2026-06-21,26.824
weather_temp,HUB13,2026-06-28,26.739
weather_temp,HUB13,2026-07-05,26.659
weather_temp,HUB13,2026-07-12,26.933
weather_temp,HUB13,2026-07-19,24.94
weather_temp,HUB13,2026-07-26,24.911
weather_temp,HUB13,2026-08-02,25.906
weather_precip,HUB14,2026-02-08,-0.167
weather_precip,HUB14,2026-02-15,0.05
weather_precip,HUB14,2026-02-22,0.485
weather_precip,HUB14,2026-03-01,0.042
weather_precip,HUB14,2026-03-08,0.073
weather_precip,HUB14,2026-03-15,2.261
weather_precip,HUB14,2026-03-22,0.859
weather_precip,HUB14,2026-03-29,0.0
weather_precip,HUB14,2026-04-05,7.805
weather_precip,HUB14,2026-04-12,3.065
weather_precip,HUB14,2026-04-19,2.148
weather_precip,HUB14,2026-04-26,5.287
weather_precip,HUB14,2026-05-03,-0.0
weather_precip,HUB14,2026-05-10,12.191
weather_precip,HUB14,2026-05-17,23.661
weather_precip,HUB14,2026-05-24,34.609
weather_precip,HUB14,2026-05-31,17.836
weather_precip,HUB14,2026-06-07,40.401
weather_precip,HUB14,2026-06-14,42.567
weather_precip,HUB14,2026-06-21,15.224
weather_precip,HUB14,2026-06-28,45.529
weather_precip,HUB14,2026-07-05,35.389
weather_precip,HUB14,2026-07-12,31.909
weather_precip,HUB14,2026-07-19,57.829
weather_precip,HUB14,2026-07-26,75.665
weather_precip,HUB14,2026-08-02,12.834
weather_temp,HUB14,2026-02-08,32.217
weather_temp,HUB14,2026-02-15,33.12
weather_temp,HUB14,2026-02-22,33.58
weather_temp,HUB14,2026-03-01,33.001
weather_temp,HUB14,2026-03-08,34.849
weather_temp,HUB14,2026-03-15,35.984
weather_temp,HUB14,2026-03-22,35.006
weather_temp,HUB14,2026-03-29,36.777
weather_temp,HUB14,2026-04-05,34.987
weather_temp,HUB14,2026-04-12,36.098
weather_temp,HUB14,2026-04-19,36.854
weather_temp,HUB14,2026-04-26,37.966
weather_temp,HUB14,2026-05-03,38.706
weather_temp,HUB14,2026-05-10,36.517
weather_temp,HUB14,2026-05-17,35.097
weather_temp,HUB14,2026-05-24,33.139
weather_temp,HUB14,2026-05-31,33.355
weather_temp,HUB14,2026-06-07,33.091
weather_temp,HUB14,2026-06-14,30.86
weather_temp,HUB14,2026-06-21,31.66
weather_temp,HUB14,2026-06-28,30.459
weather_temp,HUB14,2026-07-05,29.536
weather_temp,HUB14,2026-07-12,30.48
weather_temp,HUB14,2026-07-19,30.128
weather_temp,HUB14,2026-07-26,27.126
weather_temp,HUB14,2026-08-02,29.564
weather_precip,HUB15,2026-02-08,3.561
weather_precip,HUB15,2026-02-15,0.757
weather_precip,HUB15,2026-02-22,0.273
weather_precip,HUB15,2026-03-01,10.308
weather_precip,HUB15,2026-03-08,0.143
weather_precip,HUB15,2026-03-15,3.068
weather_precip,HUB15,2026-03-22,6.081
weather_precip,HUB15,2026-03-29,0.13
weather_precip,HUB15,2026-04-05,0.883
weather_precip,HUB15,2026-04-12,17.329
weather_precip,HUB15,2026-04-19,0.325
weather_precip,HUB15,2026-04-26,4.246
weather_precip,HUB15,2026-05-03,0.383
weather_precip,HUB15,2026-05-10,8.546
weather_precip,HUB15,2026-05-17,20.212
weather_precip,HUB15,2026-05-24,14.004
weather_precip,HUB15,2026-05-31,9.414
weather_precip,HUB15,2026-06-07,7.46
weather_precip,HUB15,2026-06-14,14.304
weather_precip,HUB15,2026-06-21,72.494
weather_precip,HUB15,2026-06-28,73.095
weather_precip,HUB15,2026-07-05,74.831
weather_precip,HUB15,2026-07-12,118.27
weather_precip,HUB15,2026-07-19,197.38
weather_precip,HUB15,2026-07-26,160.148
weather_precip,HUB15,2026-08-02,124.255
weather_temp,HUB15,2026-02-08,30.592
weather_temp,HUB15,2026-02-15,31.497
weather_temp,HUB15,2026-02-22,32.673
weather_temp,HUB15,2026-03-01,33.334
weather_temp,HUB15,2026-03-08,34.68
weather_temp,HUB15,2026-03-15,37.252
weather_temp,HUB15,2026-03-22,35.769
weather_temp,HUB15,2026-03-29,39.155
weather_temp,HUB15,2026-04-05,38.931
weather_temp,HUB15,2026-04-12,37.167
weather_temp,HUB15,2026-04-19,40.836
weather_temp,HUB15,2026-04-26,40.993
weather_temp,HUB15,2026-05-03,41.011
weather_temp,HUB15,2026-05-10,39.361
weather_temp,HUB15,2026-05-17,38.154
weather_temp,HUB15,2026-05-24,39.13
weather_temp,HUB15,2026-05-31,40.349
weather_temp,HUB15,2026-06-07,38.919
weather_temp,HUB15,2026-06-14,39.075
weather_temp,HUB15,2026-06-21,34.457
weather_temp,HUB15,2026-06-28,31.797
weather_temp,HUB15,2026-07-05,30.22
weather_temp,HUB15,2026-07-12,30.344
weather_temp,HUB15,2026-07-19,31.312
weather_temp,HUB15,2026-07-26,29.081
weather_temp,HUB15,2026-08-02,29.46
weather_precip,HUB16,2026-02-08,0.028
weather_precip,HUB16,2026-02-15,0.02
weather_precip,HUB16,2026-02-22,0.014
weather_precip,HUB16,2026-03-01,0.009
weather_precip,HUB16,2026-03-08,0.008
weather_precip,HUB16,2026-03-15,0.006
weather_precip,HUB16,2026-03-22,0.004
weather_precip,HUB16,2026-03-29,0.003
weather_precip,HUB16,2026-04-05,0.707
weather_precip,HUB16,2026-04-12,0.03
weather_precip,HUB16,2026-04-19,0.001
weather_precip,HUB16,2026-04-26,-0.012
weather_precip,HUB16,2026-05-03,0.001
weather_precip,HUB16,2026-05-10,23.986
weather_precip,HUB16,2026-05-17,3.111
weather_precip,HUB16,2026-05-24,8.264
weather_precip,HUB16,2026-05-31,2.016
weather_precip,HUB16,2026-06-07,1.742
weather_precip,HUB16,2026-06-14,1.547
weather_precip,HUB16,2026-06-21,54.181
weather_precip,HUB16,2026-06-28,80.92
weather_precip,HUB16,2026-07-05,50.18
weather_precip,HUB16,2026-07-12,26.174
weather_precip,HUB16,2026-07-19,30.543
weather_precip,HUB16,2026-07-26,62.619
weather_precip,HUB16,2026-08-02,51.132
weather_temp,HUB16,2026-02-08,26.969
weather_temp,HUB16,2026-02-15,29.287
weather_temp,HUB16,2026-02-22,29.664
weather_temp,HUB16,2026-03-01,31.69
weather_temp,HUB16,2026-03-08,31.367
weather_temp,HUB16,2026-03-15,34.848
weather_temp,HUB16,2026-03-22,34.574
weather_temp,HUB16,2026-03-29,36.959
weather_temp,HUB16,2026-04-05,37.158
weather_temp,HUB16,2026-04-12,37.725
weather_temp,HUB16,2026-04-19,39.349
weather_temp,HUB16,2026-04-26,39.037
weather_temp,HUB16,2026-05-03,39.657
weather_temp,HUB16,2026-05-10,35.446
weather_temp,HUB16,2026-05-17,38.17
weather_temp,HUB16,2026-05-24,39.01
weather_temp,HUB16,2026-05-31,38.175
weather_temp,HUB16,2026-06-07,37.056
weather_temp,HUB16,2026-06-14,38.265
weather_temp,HUB16,2026-06-21,31.604
weather_temp,HUB16,2026-06-28,29.769
weather_temp,HUB16,2026-07-05,29.091
weather_temp,HUB16,2026-07-12,29.993
weather_temp,HUB16,2026-07-19,29.574
weather_temp,HUB16,2026-07-26,27.978
weather_temp,HUB16,2026-08-02,27.273
weather_precip,HUB17,2026-02-08,0.839
weather_precip,HUB17,2026-02-15,-0.259
weather_precip,HUB17,2026-02-22,2.588
weather_precip,HUB17,2026-03-01,0.445
weather_precip,HUB17,2026-03-08,1.857
weather_precip,HUB17,2026-03-15,-0.005
weather_precip,HUB17,2026-03-22,2.409
weather_precip,HUB17,2026-03-29,0.78
weather_precip,HUB17,2026-04-05,1.874
weather_precip,HUB17,2026-04-12,3.368
weather_precip,HUB17,2026-04-19,3.02
weather_precip,HUB17,2026-04-26,0.569
weather_precip,HUB17,2026-05-03,7.811
weather_precip,HUB17,2026-05-10,22.679
weather_precip,HUB17,2026-05-17,34.887
weather_precip,HUB17,2026-05-24,42.218
weather_precip,HUB17,2026-05-31,39.667
weather_precip,HUB17,2026-06-07,3.202
weather_precip,HUB17,2026-06-14,29.48
weather_precip,HUB17,2026-06-21,19.853
weather_precip,HUB17,2026-06-28,138.694
weather_precip,HUB17,2026-07-05,45.136
weather_precip,HUB17,2026-07-12,41.344
weather_precip,HUB17,2026-07-19,149.941
weather_precip,HUB17,2026-07-26,58.163
weather_precip,HUB17,2026-08-02,12.283
weather_temp,HUB17,2026-02-08,31.882
weather_temp,HUB17,2026-02-15,31.544
weather_temp,HUB17,2026-02-22,31.792
weather_temp,HUB17,2026-03-01,32.843
weather_temp,HUB17,2026-03-08,33.615
weather_temp,HUB17,2026-03-15,33.691
weather_temp,HUB17,2026-03-22,33.026
weather_temp,HUB17,2026-03-29,34.5
weather_temp,HUB17,2026-04-05,34.525
weather_temp,HUB17,2026-04-12,35.199
weather_temp,HUB17,2026-04-19,35.296
weather_temp,HUB17,2026-04-26,36.007
weather_temp,HUB17,2026-05-03,34.545
weather_temp,HUB17,2026-05-10,35.012
weather_temp,HUB17,2026-05-17,34.728
weather_temp,HUB17,2026-05-24,33.173
weather_temp,HUB17,2026-05-31,34.318
weather_temp,HUB17,2026-06-07,35.171
weather_temp,HUB17,2026-06-14,33.683
weather_temp,HUB17,2026-06-21,35.303
weather_temp,HUB17,2026-06-28,30.391
weather_temp,HUB17,2026-07-05,31.466
weather_temp,HUB17,2026-07-12,33.222
weather_temp,HUB17,2026-07-19,32.297
weather_temp,HUB17,2026-07-26,30.264
weather_temp,HUB17,2026-08-02,33.302
weather_precip,HUB18,2026-02-08,0.767
weather_precip,HUB18,2026-02-15,-0.08
weather_precip,HUB18,2026-02-22,0.008
weather_precip,HUB18,2026-03-01,-0.001
weather_precip,HUB18,2026-03-08,0.0
weather_precip,HUB18,2026-03-15,-0.0
weather_precip,HUB18,2026-03-22,0.0
weather_precip,HUB18,2026-03-29,-0.0
weather_precip,HUB18,2026-04-05,0.0
weather_precip,HUB18,2026-04-12,-0.0
weather_precip,HUB18,2026-04-19,0.0
weather_precip,HUB18,2026-04-26,-0.0
weather_precip,HUB18,2026-05-03,0.0
weather_precip,HUB18,2026-05-10,8.991
weather_precip,HUB18,2026-05-17,4.362
weather_precip,HUB18,2026-05-24,4.106
weather_precip,HUB18,2026-05-31,3.155
weather_precip,HUB18,2026-06-07,17.361
weather_precip,HUB18,2026-06-14,16.918
weather_precip,HUB18,2026-06-21,83.814
weather_precip,HUB18,2026-06-28,152.371
weather_precip,HUB18,2026-07-05,125.289
weather_precip,HUB18,2026-07-12,89.674
weather_precip,HUB18,2026-07-19,68.864
weather_precip,HUB18,2026-07-26,140.665
weather_precip,HUB18,2026-08-02,100.36
weather_temp,HUB18,2026-02-08,32.229
weather_temp,HUB18,2026-02-15,34.046
weather_temp,HUB18,2026-02-22,34.268
weather_temp,HUB18,2026-03-01,36.189
weather_temp,HUB18,2026-03-08,35.463
weather_temp,HUB18,2026-03-15,37.914
weather_temp,HUB18,2026-03-22,37.467
weather_temp,HUB18,2026-03-29,38.733
weather_temp,HUB18,2026-04-05,38.93
weather_temp,HUB18,2026-04-12,38.216
weather_temp,HUB18,2026-04-19,39.855
weather_temp,HUB18,2026-04-26,39.225
weather_temp,HUB18,2026-05-03,39.077
weather_temp,HUB18,2026-05-10,33.915
weather_temp,HUB18,2026-05-17,37.19
weather_temp,HUB18,2026-05-24,38.653
weather_temp,HUB18,2026-05-31,34.921
weather_temp,HUB18,2026-06-07,35.033
weather_temp,HUB18,2026-06-14,36.187
weather_temp,HUB18,2026-06-21,31.412
weather_temp,HUB18,2026-06-28,29.986
weather_temp,HUB18,2026-07-05,29.868
weather_temp,HUB18,2026-07-12,29.95
weather_temp,HUB18,2026-07-19,30.512
weather_temp,HUB18,2026-07-26,29.421
weather_temp,HUB18,2026-08-02,29.44
